{"initial_reset_timestamp": 1521728583.918795, "timestamps": [1521728593.990572], "episode_lengths": [40], "episode_rewards": [40.0], "episode_types": ["t"]}